Also the entire Swiss Football League is on hold. Postponing games from the professional and amateur level... #coronavirus https://t.co/UShMuqnAVC,"football,swiss football, swiss football league"
"World Health Org Official: Trump‚Äôs press conference on #coronavirus ‚Äòincoherent‚Äô
World Health Organization Special Adviser to the Director Dr. Ezekiel Emanuel says ""I found most of what [Trump] said incoherent.""
https://t.co/v4WIBW9Fld","coronavirus,trump"
"I mean, Liberals are cheer-leading this #Coronavirus like it's their high school football team.

#TDS","coronavirus,liberals"
"Under repeated questioning, Pompeo refuses to say the #COVID19 coronavirus is not a hoax.  https://t.co/PFESx4ePpD","covid19,coronavirus,pompeo"
#coronavirus comments now from @larry_kudlow here. https://t.co/l45e8bUmBK,coronavirus
"""Are you going to see some schools shut down? Probably.""

White House Chief of Staff Mick Mulvaney warned that the #coronavirus could disrupt U.S. schools as districts prepare their emergency plans https://t.co/qADzyHNG4L","white house,mick mulvaney,coronavirus"
"‚ÄúDisease can emerge everywhere. Coronaviruses exist on a global basis. It‚Äôs important that we don‚Äôt ascribe blame to a geographic origin...the languge of stigma &amp; blame has become an unfortunate part of the global narrative"" -@DrMikeRyan at @WHO briefing on #COVID19. #coronavirus https://t.co/4IIvbTdN9j","coronavirus,global"
"‚ÄúWhen the virus hit, I felt that I should stay to help.‚Äù

@selinawangtv connected with Li Wang. She‚Äôs part of a special force under China‚Äôs Uber @DidiGlobal that's helping those stranded by the #coronavirus lockdown in #Wuhan #COVID2019 #Êñ∞ÂûãËÇ∫ÁÇé https://t.co/CE5INLRC95","virus,uber,didiglobal,wuhan"
"NEW: WHO says it has increased its assessment of ‚Äúthe risk of spread and the risk of impact‚Äù of the coronavirus ‚Äúto very high at a global level.‚Äù #COVID19 

https://t.co/dzmpKLK9mZ","who,coronavirus,covid19"
President's public awareness message about #Coronavirus https://t.co/Qt2WFGqv5R https://t.co/pbafF9qVyy,"president,coronavirus,public awareness"
Harvard epidemiology professor Marc Lipsitch: ‚ÄúI think the likely outcome is that it will ultimately not be containable.‚Äù #Coronavirus - The Atlantic https://t.co/hJVGqdsihO,"harvard,mac lipsitch,coronavirus,the altantic"
"The Summit County Health Department has issued the following statement about the #Coronavirus #COVID19 Outbreak: https://t.co/maWQ4Adb4u

There are NO confirmed cases in Summit County or Utah.
#SummitCountyUT #ParkCity #Coalville #Kamas https://t.co/Cg3VtMjO2R","coronavirus,summit county,utah"
"Italian-Nigerian Footballer King Udoh, Contracts #Coronavirus https://t.co/j67qRSIX13 https://t.co/ofN8g8QrSN","king udoh,coronavirus"
"#CoronavirusOutbreak | We are at a stage now that every country needs to be prepared. San Francisco has declared an emergency without a single case being reported: Dr. K.K. Aggarwal (Sr member of the Indian Medical Association) tells @AnchorAnandN on #TheRightStand

#COVID19 https://t.co/wA4KUn8AuF","san fransisco,coronavirus,aggarwal"
#Coronavirus outbreak: World Health Organization gives latest update on virus . Conf√©rence de l‚ÄôOMS | LIVE https://t.co/C6SunFRpyS,"world health organisation,virus"
"Apart from that, several notifications were issued on how one could be affected by coronavirus, what the symptoms were and which preventive measures could be adopted.
#India #Coronavirus

https://t.co/AkUIJlCZNt","coronavirus,preventive measures"
"Your #DailyDose of news has arrived!

@Memeghnad brings you the latest updates about #Delhi smoulders, #Coronavirus scare, new mini-moon, and more.

Listen up!

https://t.co/htwPR8dUm2","delhi,coronavirus,mini-moon"
"To keep up with the latest news about #coronavirus #COVID2019, visit @TexasDSHS where you'll find everything you need to know.

https://t.co/yqNjHAYE3C","coronavirus,news"
"World Health Organisation (WHO): Our epidemiologists have been monitoring the developments continuously, and we have now increased our assessment of the risk of spread and the risk of impact of #COVID19 to very high at a global level. #coronavirus https://t.co/yQrUvXIRpL","world health organisation,covid19,global level,coronavirus"
JUST IN: World Health Organization (WHO) upgrades global risk of #coronavirus spread to 'very high' | via @AFP https://t.co/IjKMPEie9k,"world health organisation,coronavirus"
"#Coronavirus: This Is Not Time To Fear, Says @WHO | Sahara Reporters 
Nigeria recorded its first case on Friday in a patient, who recently returned from Italy, one of the countries worst hit by the infection apart from China. @WHOAFRO 
READ MORE: https://t.co/wnAgDku1ew https://t.co/979IfuL7MN","coronavirus,nigeria,first case,friday,italy,worst hit,china"
A reminder to follow all @CDCGov precautions regarding respiratory diseases as we continue to monitor #COVID19. Stay updated and informed here: https://t.co/yjHYbIVWCc,"reminder,respiratory diseases,covid19"
"China will firmly support Japan to hold the 2020 Tokyo Olympic Games, Yang said during the meeting while Abe spoke highly of China's achievements in the battle against the #COVID19 epidemic. https://t.co/27KmVBSVbr","china,japanmtokyo,olympic,yang,abe,covid19"
"There are more than 1.8 billion videos with the hashtag #coronavirus on TikTok. 

The platform created a ‚ÄúSafety Center‚Äù page that links out to health resources. https://t.co/OTeF0RzeEe","Coronavirus,1.8 billion,safety center"
"Recovery rate of patients in severe condition has climbed significantly from 14 to 64 percent in #Wuhan, capital of Hubei province, the epicenter of the novel #coronavirus, senior official from the National Health Commission said on Friday. #COVID19","wuhan,covid19,national health commision,recovery"
#WHO raises threat assessment of #coronavirus to 'very high' at global level @CNBC ‚Å¶@BerkeleyJr‚Å© ‚Å¶@WillFOIA‚Å©  https://t.co/5NbxZBlYZN,"who,coronavirus,global level"
"I think we‚Äôre in a position to do a good job of combating the #CoronaVirus. We just don‚Äôt know what to expect as far as the full impact, but I believe we should be ready for the worst. Essentially whatever money it takes, Congress should spend that to protect the American public.","coronavirus,full impact,amarican public,congress"
Thinking this is a fairly safe setup considering the news at the moment #coronavirus #islandlife https://t.co/fcWssaie4p,coronavirus
"A ban on shaking hands? As coronavirus spreads in California, U.S., it‚Äôs worth considering
https://t.co/3t8escd7rV
#coronavirus","shaking hands,coronavirus,californai"
"""Not only would it be a major crisis in an election year, but a recession would be unavoidable.""

There's trouble ahead for Donald Trump if the #coronavirus grips America, writes @lizzzburden https://t.co/SHVMUfkgFR
#CoronavirusOutbreak #Election2020","major crisis,coronavirus"
"‚ÄúShe has developed and patented vaccines, including leading one of the most influential HIV vaccine trials in history.‚Äù

VP @Mike_Pence announced that Deborah Birx has been appointed to serve as @WhiteHouse‚Äôs coordinator to combat the #Coronavirus. https://t.co/sPQsnLSHGF","patented vaccines,hiv,hiv vaccine,most influential,coronavirus"
Police offer to test #coronavirus contaminated meth | Read more: https://t.co/n3WMlmDlu1 https://t.co/WKgUytrCUT,"coronavirus,meth"
"JUST IN: WHO upgrades global risk of virus spread to ‚Äòvery high‚Äô | via @AFP 

Story soon on https://t.co/zcta6yYg5U #coronavirus #nCoV https://t.co/uwq6Kxd0dx",coronavirus
When and How to Wash Your Hands https://t.co/sf89NsMuDk #coronavirus,wash your hands
"There are currently no cases of Coronavirus 19 in Georgia. For the latest information and guidance from @FultonHealth regarding #COVID19, visit https://t.co/8DUHiBJJtP https://t.co/Zie73KjuAn","coronavirus, georgia"
The @healthdpt Minister has provided a new update on the Emergence of #Coronavirus (2019 NCOV) - Read More - https://t.co/0ist0J9vct https://t.co/f4Nf5P22y3,coronavirus
"Little Girl Tries to Eat Biscuit Wearing Facemask in China, Her Perplexed Reaction Goes Viral (Watch Video) #Biscuit #China #Coronavirus https://t.co/jALJW7Wao9","biscuit,china,coronavirus"
JUST IN: Assessment of risk of spread and risk of impact of #COVID19 is now ‚Äòvery high at global level‚Äô - WHO | via @Reuters https://t.co/nRWfXUmHeY,"covid19,global level"
"BREAKING NEWS: Two new #coronavirus cases raise total infections in #Bahrain to 38 

Read more: https://t.co/RynBb3sQuz https://t.co/pQl1poEePi","breaking news,coronavirus,infection,bahriain"
The closure of #Iran's parliament comes after several Iranian lawmakers tested positive for the #coronavirus https://t.co/RaMviWSySy,"iran,parilament,iranian lawmakers,positive,coronavirus"
$ZM is a #coronavirus play. teleconferencing. https://t.co/eoxsNT6exB,coronavirus
"The USA has only 60 cases of Coronavirus, ONE in serious condition, ZERO new cases in many days and just ONE death and we're shedding $$$ trillions from the stock market?

5 times as many Americans died falling from ladders this week as from #Coronavirus.","coronavirus,usa,zero,trillions,stock market"
"#BREAKING Cases of #coronavirus in #Israel rises to 4, as WHO raises its warning level from the spread of the virus to ""very high""","israel,breaking,who,very high"
"Indian #stockmarket followed global stocks which are headed for their worst week since 2008 financial crisis as the world found itself on the cusp of a pandemic (#coronavirus).

https://t.co/fK5y5wQtyC","stockmarket,indian,global,financial crisis,coronavirus,pandamic"
#JustIn | @WHO raises risk assessment of #coronavirus to ‚Äòvery high‚Äô at global level https://t.co/Ct5BtrbJx5,"justin,who,coronavirus"
"According to @WHO D-G  @DrTedros: ‚ÄúThe key to containing #coronavirus is to break the chain of transmission. Countries need to educate their populations, expand surveillance, find + isolate every case, trace every contact, and take an all-of-government &amp; all-of-society approach.""","coronavirus,conaining,chain of transmission,,surveillance,all-of-government"
"Do you have a secret stash of gold? This week investors are flocking to the precious metal following a surge in #CoronaVirus cases outside China triggered fears of a pandemic and roiled stock markets around the world
https://t.co/f7GiA6j4tm #goldprice","gold,investors,coronavirus,china,fear,pandemic"
"I'm concerned about this choice for the Vice President to lead the #coronavirus response. One of the largest outbreaks of another virus, HIV, occurred in Indiana, the result of cuts to state funding and then Governor Pence failing to heed the advice of medical experts. https://t.co/TUcNwcauGK","vice president,coronavirus,outbreaks,virus,indiana,governor,pence"
"Important follow-up point for the 38%:
No, you cannot prevent #coronavirus by sucking on a lime https://t.co/RQZ9vXrM7u","prevent,coronavirus,time"
The latest ‚Å¶@WHO‚Å© Situation Report on #coronavirus includes a map of expert laboratories working on the problem https://t.co/NYiH2i4LNW,coronavirus
You don't need to worry about paying off your student loans if you die from the #coronavirus https://t.co/pzMIBgBI2V,coronavirus
"I was disappointed that at this briefing state officials failed to be forthcoming with the public about suspected #coronavirus cases in Florida. As a top tourist destination and home to many vulnerable seniors, Florida is uniquely at risk from the threat of this illness. #FlaPol https://t.co/siF20Iyq7r","florida,coronavirus,vulerable"
"No need to worry about #coronavirus, right-wing pastor Hank Kunneman and his wife Brenda held a ‚ÄúProphetic Pulse‚Äù conference call in which Brenda rebuked the virus -- via @RightWingWatch

https://t.co/DEfyMIWwwM",coronavirus
"In what the White House billed as a major address, Biden once again pleaded with Congress to act. ‚ÄúI support the bipartisan efforts that include a small group of Democrats and Republican senators trying to find a way,"" he said in evening remarks from the White House. ""But my God ‚Äî the fact that the majority of the Senate Republicans don‚Äôt want any of these proposals even to be debated or come up for a vote, I find it unconscionable.‚Äù ","white house,biden,congress,bipartisan,democrats,republic,senate republicans"
"Pollution is a term which even kids are aware of these days. It has become so common that almost everyone acknowledges the fact that pollution is rising continuously. The term ‚Äòpollution‚Äô means the manifestation of any unsolicited foreign substance in something. When we talk about pollution on earth, we refer to the contamination that is happening of the natural resources by various pollutants.","kids,pollution,aware,item,pollution,acknowledges"
"Pets are a great blessing in anyone‚Äôs life. They are the only ones who love us unconditionally. Pets always offer us everything they have without asking for anything in return. The main aim of any pet‚Äôs life is to make their owner happy. Nowadays, even the term ‚Äòowner‚Äô is changing. People prefer their pets as kids and to themselves as parents.This is how the relationship between pets is evolving. People treat them no less than humans. ","pets,great blessing,love,unconditionally,kids"
"Sherlock Holmes is a fictional detective created by British author Sir Arthur Conan Doyle. Referring to himself as a ""consulting detective "" in the stories, Holmes is known for his proficiency with observation, deduction, forensic science and logical reasoning that borders on the fantastic, which he employs when investigating cases for a wide variety of clients, including Scotland Yard. ","sherlock holmes,arthur conan doyle,detective"
"#Coronavirus: UK records first death as man on board cruise ship dies

#Uk #Briton #ChinaVirus #DiamondPrincessCruiseShip
https://t.co/S1dgOZOAXV https://t.co/uDEkX0gQGN","coronavirus,uk,death,ship"
"Trump cares more about the health of the stock market than the health of other human beings. 

 #TrumpLiesAboutCoronavirus 

#CoronaVirusUpdates #Coronavirus #COVID19 #COVID2019","trump,health,stock market,human beings"
"International companies set out contingency plans and warn on the impact of coronavirus as Geneva Motorshow is canceled
#pernodricard #genevamotorshow #coronavirus
https://t.co/M7355gZuNF","international,companies,contigency,coronavirus,geneva motorshow"
"The #Coronavirus is forcing the U.S. to examine its dependence on China for its pharmaceutical manufacturing. Before the crisis hit, @Rosemary100 offered a supply chain state-of-play on our podcast. In light of the current crisis, it's worth a listen: https://t.co/9RmFOhw85e","coronavirus, georgia,pharmaceutical"
Stay safe people #Coronavirus #CoronaVirusUpdates #CoronavirusInNigeria üò∑‚úåüèæ https://t.co/0xWVK3D4AK,"coronavirus,coronavirusupdates"
"Thank you for all your support Richard. During this #Coronavirus crisis and all year round! The #MoonBears thank you too.

#BearInTheWindow
#CrisisActionFund https://t.co/Nt5qLmal11","richard,coronavirus,moonbears"
Could a #coronavirus shock push Turkey's economy back into a crisis? Read our updated #countryrisk report. https://t.co/ArJMTjj11p https://t.co/gHbtI03kEa,"coronavirus,turkey,economy"
"""This is really getting ridiculous,"" @NYCMayor tells @BrianLehrer on #AskTheMayor about the CDC not authorizing localities to test for #coronavirus 

NYC is evaluating one man who traveled from Italy, but it will take another day to confirm","askthemayor,getting ridiculous"
"Should school leaders consider shutting down schools for #COVID19 #coronavirusus if this spreads?
If so, for how long? What are the options. 
A 4min podcast: https://t.co/nJpE4Z9zXB
#education #edtech","covid19,schools,shutting down,coronavirus"
"Will ongoing concerns over #COVID19 continue to impact #travel and #cruiselines? #TuneIn for an appearance by Equity Research Analyst, James Hardiman, on @SquawkCNBC, w/ anchors @SaraEisen, @davidfarber &amp; @carlquintanilla at approx. 7:20am(PT)/10:20am(ET), for the latest.","covid19,travel,cruiselines,tuneln,james"
The latest The Osama Bin Javaid Daily! https://t.co/80BSceYjlW #breaking #coronavirus,"osama bin,coronavirus"
Cebu Pacific cancels PH-South Korea flights amid #COVID19 spread https://t.co/mUNawSoJ08,"south korea,covid19"
".@UNC has banned nonessential university-affiliated travel to China and South Korea amid the #coronavirus outbreak.
https://t.co/uSKBDA4Xb9","unc,banned,nonessential,china,south korea,coronavirus"
Emergency rate cuts in response to coronavirus possible only if 'pandemic actually develops': US Fed's Bullard #COVID19 | via @AFP,"coronavirus,emergency,pandemic"
"For all you fans of epi modeling of #COVID19 , new one for #Japan concludes 'there could be a rapid outbreak in Japan if no effective quarantine measures are carried out immediately.""  https://t.co/jpdh4xX4uw","covid19,japan,rapid outbreak,quarantine"
The Public Health Agency of Canada has established a toll-free phone number to answer questions about Coronavirus. Call 1-833-784-4397. #NBHealth #COVID19 https://t.co/3nmhGnAubo,"public health agency,canada,phone,"
"In the wake of #coronavirus outbreak in #Iran, Iranian parliament's winter session closed until further notice. Tehran University cancels classes until the end of New Year (Nowruz) holidays. Schools to remain shut for three more days. Iran govt not taking any chances.","coronavirus,iran,iranian,schools,tehran university"
"#CoronavirusOutbreak | Shouldn‚Äôt the world hold China accountable?

#COVID19

Watch #TheRightStand with @AnchorAnandN https://t.co/0jeGPJWd7r","china,accountable,coronavirusoutbreak,covid19"
"Virus hits markets: Factors behind the Sensex, Nifty crash.
#sensex #Nifty #coronavirus #CoronaVirusUpdates #China #economy #sharemarket #shares #stockmarkets https://t.co/rwTuMWmcgy","virus,sensex,nifty,crash,coronavirus,coronavirusupdates,china,economy,sharemarket,shares,scokmarkets"
‚ÄùThe NCDC will continue to keep Nigerians informed. https://t.co/Jc2sSovoW5 #Coronavirus #covid19 #Lagos #Nigeria,"nigerians,ncdc,coronavirus"
WATCH: A SWAT team in China's Henan province practiced taking down an uncooperative driver in a staged drill at an official #coronavirus checkpoint https://t.co/XzHUE4GSfE,"swat,coronavirus"
